Date,Clearsky DHI,Clearsky DNI,Clearsky GHI,DHI,DNI,GHI,Source_File
1998-01-01,53.70169491525424,765.5966101694916,326.1796610169491,99.07457627118644,353.06101694915253,223.6338983050848,monthly_daylight_avg_623099_40.01_-99.74_1998.csv
1998-02-01,66.50699300699301,788.5594405594405,414.75174825174827,120.25524475524476,354.1468531468532,272.3286713286713,monthly_daylight_avg_623099_40.01_-99.74_1998.csv
1998-03-01,83.55890410958904,776.3342465753425,500.66301369863015,141.2164383561644,375.31780821917806,347.1123287671233,monthly_daylight_avg_623099_40.01_-99.74_1998.csv
1998-04-01,94.08997429305911,764.3650385604113,567.5167095115681,161.0745501285347,435.53727506426736,430.6426735218509,monthly_daylight_avg_623099_40.01_-99.74_1998.csv
1998-05-01,100.4153498871332,708.6523702031602,576.0902934537246,155.09255079006772,498.6591422121896,496.87133182844246,monthly_daylight_avg_623099_40.01_-99.74_1998.csv
1998-06-01,85.39333333333333,736.0911111111111,581.86,124.52444444444444,540.1466666666666,493.7111111111111,monthly_daylight_avg_623099_40.01_-99.74_1998.csv
1998-07-01,100.57174887892376,685.5179372197309,565.0336322869955,157.52242152466368,414.2937219730942,441.5134529147982,monthly_daylight_avg_623099_40.01_-99.74_1998.csv
1998-08-01,92.9471153846154,710.6418269230769,547.5721153846154,139.23317307692307,524.9903846153846,472.3245192307692,monthly_daylight_avg_623099_40.01_-99.74_1998.csv
1998-09-01,80.0679347826087,731.1114130434783,498.0625,111.07608695652172,558.0516304347826,430.5217391304348,monthly_daylight_avg_623099_40.01_-99.74_1998.csv
1998-10-01,63.94705882352941,760.4147058823529,422.5911764705882,105.54117647058824,489.7617647058824,335.1029411764706,monthly_daylight_avg_623099_40.01_-99.74_1998.csv
1998-11-01,60.21631205673759,760.0354609929078,351.5354609929078,92.58156028368796,384.6595744680851,240.2624113475177,monthly_daylight_avg_623099_40.01_-99.74_1998.csv
1998-12-01,50.54838709677419,781.6129032258065,307.3440860215054,90.85663082437276,456.89964157706095,243.69175627240145,monthly_daylight_avg_623099_40.01_-99.74_1998.csv
1999-01-01,56.30847457627119,746.2101694915254,321.81694915254235,107.69152542372882,323.6745762711864,222.4067796610169,monthly_daylight_avg_623099_40.01_-99.74_1999.csv
1999-02-01,58.52097902097902,825.56993006993,419.85664335664336,109.1993006993007,519.5174825174826,347.65034965034965,monthly_daylight_avg_623099_40.01_-99.74_1999.csv
1999-03-01,82.5095890410959,773.6520547945205,499.4082191780822,135.16712328767125,465.45753424657534,393.786301369863,monthly_daylight_avg_623099_40.01_-99.74_1999.csv
1999-04-01,99.34190231362469,744.0951156812339,561.4113110539846,167.64781491002572,378.9562982005141,396.61439588688944,monthly_daylight_avg_623099_40.01_-99.74_1999.csv
1999-05-01,94.7607223476298,726.3363431151241,578.8848758465011,172.91873589164786,421.4808126410835,454.1602708803612,monthly_daylight_avg_623099_40.01_-99.74_1999.csv
1999-06-01,93.80222222222224,701.3488888888888,569.9955555555556,163.5688888888889,421.1688888888889,451.1311111111111,monthly_daylight_avg_623099_40.01_-99.74_1999.csv
1999-07-01,84.97986577181209,725.9418344519015,572.317673378076,128.71140939597316,565.5391498881431,518.0917225950783,monthly_daylight_avg_623099_40.01_-99.74_1999.csv
1999-08-01,88.39182692307692,718.3605769230769,548.3052884615385,124.5673076923077,557.9206730769231,484.8725961538461,monthly_daylight_avg_623099_40.01_-99.74_1999.csv
1999-09-01,80.4375,740.3994565217391,503.875,125.10597826086956,535.2989130434783,430.9945652173913,monthly_daylight_avg_623099_40.01_-99.74_1999.csv
1999-10-01,59.35588235294118,794.1558823529411,431.9941176470588,88.99117647058823,630.5882352941177,393.00882352941176,monthly_daylight_avg_623099_40.01_-99.74_1999.csv
1999-11-01,50.69257950530035,804.6819787985866,358.5901060070672,94.03886925795052,532.3286219081272,306.0247349823322,monthly_daylight_avg_623099_40.01_-99.74_1999.csv
1999-12-01,47.354838709677416,779.6559139784946,303.3082437275985,92.27956989247312,424.1075268817205,236.3548387096774,monthly_daylight_avg_623099_40.01_-99.74_1999.csv
2000-01-01,53.70169491525424,764.6271186440678,324.6,117.39322033898306,312.7864406779661,232.7322033898305,monthly_daylight_avg_623099_40.01_-99.74_2000.csv
2000-02-01,63.62587412587413,814.5034965034965,420.02797202797206,136.34965034965035,369.27272727272725,297.7762237762238,monthly_daylight_avg_623099_40.01_-99.74_2000.csv
2000-03-01,84.94535519125684,756.0081967213115,494.0327868852459,154.13114754098362,393.224043715847,375.4016393442623,monthly_daylight_avg_623099_40.01_-99.74_2000.csv
2000-04-01,108.65128205128204,723.2923076923076,561.5717948717949,166.9820512820513,508.2923076923077,485.26153846153846,monthly_daylight_avg_623099_40.01_-99.74_2000.csv
2000-05-01,110.4785553047404,684.9006772009029,572.6546275395034,155.95033860045146,460.23024830699774,472.4379232505643,monthly_daylight_avg_623099_40.01_-99.74_2000.csv
2000-06-01,93.92222222222222,708.3111111111111,575.1844444444445,136.61555555555557,536.6444444444444,510.3733333333333,monthly_daylight_avg_623099_40.01_-99.74_2000.csv
2000-07-01,100.70403587443946,690.4170403587444,568.9417040358744,136.57399103139014,550.3811659192825,513.2107623318385,monthly_daylight_avg_623099_40.01_-99.74_2000.csv
2000-08-01,104.22650602409638,678.9783132530121,543.2265060240964,150.57590361445784,520.3493975903615,494.9060240963855,monthly_daylight_avg_623099_40.01_-99.74_2000.csv
2000-09-01,78.21525885558583,746.8964577656676,503.7983651226158,112.10626702997276,588.3405994550409,449.40871934604905,monthly_daylight_avg_623099_40.01_-99.74_2000.csv
2000-10-01,66.95588235294117,750.7411764705882,421.08529411764704,112.2470588235294,454.8735294117647,330.9764705882353,monthly_daylight_avg_623099_40.01_-99.74_2000.csv
2000-11-01,62.85106382978724,783.8617021276596,362.145390070922,99.24113475177305,496.4148936170213,290.47163120567376,monthly_daylight_avg_623099_40.01_-99.74_2000.csv
2000-12-01,57.681003584229394,749.7168458781362,305.80286738351253,100.05017921146954,406.26881720430106,231.99283154121864,monthly_daylight_avg_623099_40.01_-99.74_2000.csv
2001-01-01,57.42033898305085,763.6542372881356,329.3762711864407,96.8135593220339,438.4372881355932,252.54237288135596,monthly_daylight_avg_623099_40.01_-99.74_2001.csv
2001-02-01,85.08362369337979,769.2891986062717,426.4076655052265,136.66202090592336,309.219512195122,269.64459930313586,monthly_daylight_avg_623099_40.01_-99.74_2001.csv
2001-03-01,85.67671232876712,761.0493150684931,497.5753424657534,152.39178082191782,360.1232876712329,346.05753424657536,monthly_daylight_avg_623099_40.01_-99.74_2001.csv
2001-04-01,108.59897172236504,715.413881748072,558.4575835475579,147.24935732647816,498.586118251928,470.3316195372751,monthly_daylight_avg_623099_40.01_-99.74_2001.csv
2001-05-01,104.02257336343116,694.8329571106095,572.1783295711061,174.02031602708803,386.6568848758465,437.9638826185102,monthly_daylight_avg_623099_40.01_-99.74_2001.csv
2001-06-01,98.0,693.0977777777778,570.6533333333333,136.1888888888889,515.7266666666667,496.3022222222222,monthly_daylight_avg_623099_40.01_-99.74_2001.csv
2001-07-01,101.30044843049328,684.1390134529148,564.2264573991031,153.2443946188341,513.5784753363229,514.9865470852018,monthly_daylight_avg_623099_40.01_-99.74_2001.csv
2001-08-01,95.6843373493976,705.2795180722892,547.9469879518073,136.65301204819278,565.3180722891566,504.1783132530121,monthly_daylight_avg_623099_40.01_-99.74_2001.csv
2001-09-01,86.32152588555859,710.3542234332425,494.61035422343326,110.84196185286105,537.7874659400545,418.2125340599455,monthly_daylight_avg_623099_40.01_-99.74_2001.csv
2001-10-01,61.43529411764706,778.4470588235295,426.3558823529412,95.89411764705882,591.7235294117647,379.8205882352941,monthly_daylight_avg_623099_40.01_-99.74_2001.csv
2001-11-01,57.02127659574468,774.9574468085107,353.57092198581563,102.33687943262412,460.68794326241135,282.06382978723406,monthly_daylight_avg_623099_40.01_-99.74_2001.csv
2001-12-01,46.727598566308245,794.516129032258,307.3405017921147,76.12903225806451,584.68458781362,271.0537634408602,monthly_daylight_avg_623099_40.01_-99.74_2001.csv
2002-01-01,49.78983050847457,790.457627118644,329.1254237288136,99.5864406779661,462.78983050847455,263.7016949152542,monthly_daylight_avg_623099_40.01_-99.74_2002.csv
2002-02-01,67.0979020979021,824.7657342657343,428.7552447552448,125.58391608391608,532.3881118881119,357.46853146853147,monthly_daylight_avg_623099_40.01_-99.74_2002.csv
2002-03-01,77.53972602739726,795.5013698630137,503.8876712328767,133.46849315068494,493.83561643835617,403.4849315068493,monthly_daylight_avg_623099_40.01_-99.74_2002.csv
2002-04-01,102.82776349614396,733.73264781491,561.7634961439588,157.59897172236504,472.05655526992285,454.81748071979433,monthly_daylight_avg_623099_40.01_-99.74_2002.csv
2002-05-01,106.51693002257336,695.9638826185102,574.8058690744921,162.0857787810384,476.7336343115124,484.1467268623025,monthly_daylight_avg_623099_40.01_-99.74_2002.csv
2002-06-01,115.17777777777778,649.8177777777778,561.4733333333334,160.70444444444445,485.0933333333333,500.1155555555556,monthly_daylight_avg_623099_40.01_-99.74_2002.csv
2002-07-01,96.53914988814316,703.7785234899329,572.3624161073825,135.86800894854585,578.6845637583892,528.34451901566,monthly_daylight_avg_623099_40.01_-99.74_2002.csv
2002-08-01,114.57932692307692,653.8870192307693,540.2548076923077,172.55528846153845,453.22836538461536,473.1225961538461,monthly_daylight_avg_623099_40.01_-99.74_2002.csv
2002-09-01,84.79076086956522,719.0516304347826,497.2907608695652,134.25271739130434,513.0217391304348,430.1902173913044,monthly_daylight_avg_623099_40.01_-99.74_2002.csv
2002-10-01,71.30294117647058,743.9088235294117,424.8411764705882,119.18823529411765,407.5029411764706,311.04411764705884,monthly_daylight_avg_623099_40.01_-99.74_2002.csv
2002-11-01,54.88297872340426,784.5709219858156,355.2269503546099,92.1418439716312,553.5070921985815,305.0,monthly_daylight_avg_623099_40.01_-99.74_2002.csv
2002-12-01,50.9820788530466,770.4587813620071,304.4336917562724,88.72043010752688,514.4014336917563,262.0358422939068,monthly_daylight_avg_623099_40.01_-99.74_2002.csv
2003-01-01,54.78983050847457,759.2508474576272,324.3491525423729,99.61016949152544,432.03389830508473,253.84406779661015,monthly_daylight_avg_623099_40.01_-99.74_2003.csv
2003-02-01,72.22027972027972,797.5454545454545,424.0314685314685,144.52447552447552,331.8916083916084,294.458041958042,monthly_daylight_avg_623099_40.01_-99.74_2003.csv
2003-03-01,81.58082191780822,769.3232876712328,495.5479452054794,144.2054794520548,447.68219178082194,394.958904109589,monthly_daylight_avg_623099_40.01_-99.74_2003.csv
2003-04-01,112.39845758354755,708.879177377892,556.8894601542416,144.96401028277634,382.1105398457584,378.1928020565553,monthly_daylight_avg_623099_40.01_-99.74_2003.csv
2003-05-01,107.15124153498871,688.5778781038375,570.9097065462754,160.99322799097067,424.9345372460497,452.7223476297968,monthly_daylight_avg_623099_40.01_-99.74_2003.csv
2003-06-01,107.63555555555556,665.2044444444444,564.2844444444445,171.38222222222225,415.0844444444445,460.56888888888886,monthly_daylight_avg_623099_40.01_-99.74_2003.csv
2003-07-01,102.82774049217002,689.2102908277404,570.5570469798657,144.2304250559284,560.1096196868009,530.4586129753915,monthly_daylight_avg_623099_40.01_-99.74_2003.csv
2003-08-01,105.57932692307692,677.0072115384615,543.1225961538462,155.17548076923077,484.53125,475.1298076923077,monthly_daylight_avg_623099_40.01_-99.74_2003.csv
2003-09-01,80.59510869565217,738.7798913043479,503.1114130434783,119.78532608695652,562.804347826087,444.9891304347826,monthly_daylight_avg_623099_40.01_-99.74_2003.csv
2003-10-01,58.88269794721408,783.0,426.9208211143695,108.89442815249268,542.0439882697947,369.46041055718473,monthly_daylight_avg_623099_40.01_-99.74_2003.csv
2003-11-01,58.886925795053,769.583038869258,354.60070671378094,106.16254416961132,377.6466431095407,254.35335689045937,monthly_daylight_avg_623099_40.01_-99.74_2003.csv
2003-12-01,50.69534050179212,772.8602150537635,304.8673835125448,99.18279569892474,349.00716845878134,214.1290322580645,monthly_daylight_avg_623099_40.01_-99.74_2003.csv
2004-01-01,56.14237288135593,763.3898305084746,326.8677966101695,97.135593220339,401.48474576271184,239.79322033898305,monthly_daylight_avg_623099_40.01_-99.74_2004.csv
2004-02-01,72.74825174825175,800.5769230769231,424.8006993006993,128.82167832167832,379.86713286713285,299.17832167832165,monthly_daylight_avg_623099_40.01_-99.74_2004.csv
2004-03-01,75.62021857923497,781.2349726775956,496.1748633879781,131.22677595628414,490.4781420765027,405.1475409836066,monthly_daylight_avg_623099_40.01_-99.74_2004.csv
2004-04-01,110.9102564102564,709.3564102564103,558.6666666666666,157.37435897435898,419.9923076923077,426.9948717948718,monthly_daylight_avg_623099_40.01_-99.74_2004.csv
2004-05-01,104.74943566591422,693.4063205417607,572.8690744920993,171.94356659142213,425.36794582392776,466.93227990970655,monthly_daylight_avg_623099_40.01_-99.74_2004.csv
2004-06-01,103.57333333333334,673.5822222222222,565.9044444444445,165.78222222222223,410.5622222222222,450.5288888888889,monthly_daylight_avg_623099_40.01_-99.74_2004.csv
2004-07-01,97.29820627802692,695.5336322869955,568.1838565022422,140.11434977578477,479.890134529148,474.0986547085202,monthly_daylight_avg_623099_40.01_-99.74_2004.csv
2004-08-01,89.08674698795181,725.0602409638554,552.3542168674699,150.4120481927711,528.4240963855422,488.710843373494,monthly_daylight_avg_623099_40.01_-99.74_2004.csv
2004-09-01,82.23433242506812,722.4986376021799,496.0653950953678,110.1934604904632,550.6376021798366,432.5422343324251,monthly_daylight_avg_623099_40.01_-99.74_2004.csv
2004-10-01,62.46176470588235,762.5441176470588,419.9382352941177,113.43823529411765,427.3735294117647,316.23823529411766,monthly_daylight_avg_623099_40.01_-99.74_2004.csv
2004-11-01,57.833333333333336,768.6205673758865,352.1276595744681,97.55673758865248,370.8368794326241,244.59574468085103,monthly_daylight_avg_623099_40.01_-99.74_2004.csv
2004-12-01,48.8494623655914,781.5698924731183,305.4731182795699,95.7347670250896,462.2974910394265,250.42652329749103,monthly_daylight_avg_623099_40.01_-99.74_2004.csv
2005-01-01,59.4222972972973,741.3277027027027,324.27702702702703,95.35810810810813,277.2533783783784,192.65878378378375,monthly_daylight_avg_623099_40.01_-99.74_2005.csv
2005-02-01,65.31010452961672,806.0766550522648,420.9268292682927,106.62717770034844,421.6376306620209,296.2229965156794,monthly_daylight_avg_623099_40.01_-99.74_2005.csv
2005-03-01,74.41643835616438,793.2712328767124,500.5479452054794,148.0849315068493,376.6931506849315,353.52054794520546,monthly_daylight_avg_623099_40.01_-99.74_2005.csv
2005-04-01,108.7866323907455,717.7480719794345,559.7352185089974,172.08740359897172,409.7120822622108,426.46272493573264,monthly_daylight_avg_623099_40.01_-99.74_2005.csv
2005-05-01,104.24153498871333,698.4424379232505,574.1241534988714,163.99097065462755,455.0880361173815,476.7923250564334,monthly_daylight_avg_623099_40.01_-99.74_2005.csv
2005-06-01,107.06,665.1044444444444,562.7622222222222,145.32,497.08,488.5933333333333,monthly_daylight_avg_623099_40.01_-99.74_2005.csv
2005-07-01,98.97309417040358,697.2914798206278,570.9686098654709,131.03811659192826,561.993273542601,515.8497757847533,monthly_daylight_avg_623099_40.01_-99.74_2005.csv
2005-08-01,95.26746987951807,701.1349397590361,545.633734939759,149.95421686746988,462.5421686746988,446.05542168674697,monthly_daylight_avg_623099_40.01_-99.74_2005.csv
2005-09-01,85.77929155313352,708.0817438692098,493.40054495912807,120.34877384196186,558.2016348773842,447.9727520435968,monthly_daylight_avg_623099_40.01_-99.74_2005.csv
2005-10-01,61.94705882352941,769.7735294117647,422.8,102.09411764705882,525.5764705882353,352.0911764705882,monthly_daylight_avg_623099_40.01_-99.74_2005.csv
2005-11-01,53.79432624113476,790.968085106383,355.43617021276594,105.7872340425532,439.1595744680851,276.9255319148936,monthly_daylight_avg_623099_40.01_-99.74_2005.csv
2005-12-01,55.59498207885304,766.7204301075269,308.1362007168459,92.99283154121864,338.2939068100358,204.9390681003584,monthly_daylight_avg_623099_40.01_-99.74_2005.csv
2006-01-01,50.40338983050847,776.728813559322,325.7559322033898,99.16949152542372,452.9186440677966,265.1457627118644,monthly_daylight_avg_623099_40.01_-99.74_2006.csv
2006-02-01,64.13286713286713,824.7902097902098,427.0384615384616,131.6853146853147,467.54545454545456,347.7132867132867,monthly_daylight_avg_623099_40.01_-99.74_2006.csv
2006-03-01,82.78356164383561,776.4657534246576,501.25479452054793,130.23835616438356,417.986301369863,361.0849315068493,monthly_daylight_avg_623099_40.01_-99.74_2006.csv
2006-04-01,100.87403598971724,739.1156812339332,561.8766066838047,143.34190231362467,514.6272493573265,469.9254498714653,monthly_daylight_avg_623099_40.01_-99.74_2006.csv
2006-05-01,103.80135440180588,698.0496613995485,575.4469525959368,163.36568848758466,447.5349887133183,472.6975169300226,monthly_daylight_avg_623099_40.01_-99.74_2006.csv
2006-06-01,108.17111111111112,660.7444444444444,563.5511111111111,146.47333333333333,497.4222222222222,496.72,monthly_daylight_avg_623099_40.01_-99.74_2006.csv
2006-07-01,104.0964125560538,678.9192825112108,565.1121076233184,154.52466367713004,477.5919282511211,490.085201793722,monthly_daylight_avg_623099_40.01_-99.74_2006.csv
2006-08-01,93.68509615384616,700.0048076923077,544.4278846153846,152.65144230769232,450.61778846153845,445.9807692307692,monthly_daylight_avg_623099_40.01_-99.74_2006.csv
2006-09-01,84.49591280653951,723.4577656675749,500.0490463215259,119.57765667574932,510.1798365122616,412.7738419618528,monthly_daylight_avg_623099_40.01_-99.74_2006.csv
2006-10-01,66.76470588235294,756.464705882353,423.3382352941176,117.73529411764706,376.8764705882353,291.00882352941176,monthly_daylight_avg_623099_40.01_-99.74_2006.csv
2006-11-01,53.84397163120568,791.7872340425532,356.8191489361702,117.2836879432624,388.209219858156,273.0177304964539,monthly_daylight_avg_623099_40.01_-99.74_2006.csv
2006-12-01,53.18996415770609,750.1433691756272,301.42293906810033,89.57706093189964,341.34767025089604,209.47670250896056,monthly_daylight_avg_623099_40.01_-99.74_2006.csv
2007-01-01,58.13220338983051,779.8847457627119,334.5457627118644,69.89152542372881,554.5661016949152,269.16610169491526,monthly_daylight_avg_623099_40.01_-99.74_2007.csv
2007-02-01,73.64335664335664,796.2517482517483,424.7482517482517,107.2832167832168,385.86713286713285,283.4020979020979,monthly_daylight_avg_623099_40.01_-99.74_2007.csv
2007-03-01,73.8027397260274,779.4739726027398,491.4739726027397,143.27945205479452,432.9506849315068,377.7643835616439,monthly_daylight_avg_623099_40.01_-99.74_2007.csv
2007-04-01,114.83804627249356,710.4215938303342,559.9331619537276,162.280205655527,393.3367609254499,406.09768637532136,monthly_daylight_avg_623099_40.01_-99.74_2007.csv
2007-05-01,111.46049661399547,673.1354401805869,567.6343115124154,176.8374717832957,404.4356659142212,452.9841986455982,monthly_daylight_avg_623099_40.01_-99.74_2007.csv
2007-06-01,99.85555555555555,686.1288888888889,569.3266666666667,147.47333333333333,488.87111111111113,486.7844444444444,monthly_daylight_avg_623099_40.01_-99.74_2007.csv
2007-07-01,105.33557046979864,671.6263982102909,563.6979865771812,165.94630872483222,467.8523489932886,491.758389261745,monthly_daylight_avg_623099_40.01_-99.74_2007.csv
2007-08-01,101.81971153846152,674.6850961538462,537.6850961538462,144.19230769230768,488.6754807692308,467.1057692307692,monthly_daylight_avg_623099_40.01_-99.74_2007.csv
2007-09-01,84.4836956521739,714.1603260869565,495.6440217391304,121.29076086956522,516.8478260869565,418.6195652173913,monthly_daylight_avg_623099_40.01_-99.74_2007.csv
2007-10-01,62.38529411764706,767.7647058823529,423.9470588235294,78.13529411764706,552.1411764705882,334.2529411764706,monthly_daylight_avg_623099_40.01_-99.74_2007.csv
2007-11-01,53.706713780918726,796.303886925795,358.52296819787983,96.51943462897526,517.452296819788,305.53003533568904,monthly_daylight_avg_623099_40.01_-99.74_2007.csv
2007-12-01,58.07885304659498,758.9247311827957,308.921146953405,66.37275985663082,328.97849462365593,175.2078853046595,monthly_daylight_avg_623099_40.01_-99.74_2007.csv
2008-01-01,57.722033898305085,787.1966101694916,335.91525423728814,79.09491525423729,513.0101694915254,263.55254237288136,monthly_daylight_avg_623099_40.01_-99.74_2008.csv
2008-02-01,66.49300699300699,812.8111888111888,422.83916083916085,119.76923076923076,444.34615384615387,320.65734265734267,monthly_daylight_avg_623099_40.01_-99.74_2008.csv
2008-03-01,78.8224043715847,786.7076502732241,502.5655737704918,134.22677595628414,449.58469945355193,383.96448087431696,monthly_daylight_avg_623099_40.01_-99.74_2008.csv
2008-04-01,113.86410256410257,712.6692307692308,562.9282051282051,151.85641025641024,425.95897435897433,420.2717948717949,monthly_daylight_avg_623099_40.01_-99.74_2008.csv
2008-05-01,124.29345372460496,646.6681715575621,567.3363431151241,155.77200902934538,382.2370203160271,422.2392776523702,monthly_daylight_avg_623099_40.01_-99.74_2008.csv
2008-06-01,100.32444444444444,685.0044444444444,569.6866666666666,139.0288888888889,520.7444444444444,505.47777777777776,monthly_daylight_avg_623099_40.01_-99.74_2008.csv
2008-07-01,103.35650224215247,681.2982062780269,566.2466367713005,143.66816143497758,517.3811659192825,500.2466367713005,monthly_daylight_avg_623099_40.01_-99.74_2008.csv
2008-08-01,113.23614457831326,652.467469879518,536.3301204819277,171.95180722891567,384.4506024096386,408.3614457831325,monthly_daylight_avg_623099_40.01_-99.74_2008.csv
2008-09-01,85.76294277929155,712.8474114441417,494.7956403269755,119.26430517711172,501.9591280653951,407.2234332425068,monthly_daylight_avg_623099_40.01_-99.74_2008.csv
2008-10-01,65.74705882352941,752.6705882352941,419.2647058823529,79.95,492.8235294117647,313.6147058823529,monthly_daylight_avg_623099_40.01_-99.74_2008.csv
2008-11-01,55.88652482269504,776.9964539007092,352.7163120567376,104.59219858156028,421.4858156028369,269.3510638297872,monthly_daylight_avg_623099_40.01_-99.74_2008.csv
2008-12-01,53.97849462365591,768.6093189964158,307.06451612903226,99.60573476702508,391.1362007168459,230.415770609319,monthly_daylight_avg_623099_40.01_-99.74_2008.csv
2009-01-01,52.4695945945946,772.706081081081,326.6756756756757,96.6587837837838,399.6283783783784,241.36486486486487,monthly_daylight_avg_623099_40.01_-99.74_2009.csv
2009-02-01,66.69337979094077,805.6864111498257,422.89547038327527,127.34146341463416,411.25087108013935,322.29965156794424,monthly_daylight_avg_623099_40.01_-99.74_2009.csv
2009-03-01,85.12876712328767,765.5013698630137,498.0520547945205,153.3890410958904,401.3808219178082,375.1506849315069,monthly_daylight_avg_623099_40.01_-99.74_2009.csv
2009-04-01,114.26735218508998,705.0925449871465,557.9100257069409,158.7892030848329,405.254498714653,416.3033419023136,monthly_daylight_avg_623099_40.01_-99.74_2009.csv
2009-05-01,110.95936794582391,678.7088036117382,569.8487584650113,158.98871331828445,414.8194130925508,446.2731376975169,monthly_daylight_avg_623099_40.01_-99.74_2009.csv
2009-06-01,100.43333333333334,678.1466666666666,564.8288888888889,159.8,375.9933333333333,423.2022222222223,monthly_daylight_avg_623099_40.01_-99.74_2009.csv
2009-07-01,95.23991031390136,703.8026905829596,570.1390134529148,142.72869955156952,497.73991031390136,486.6479820627803,monthly_daylight_avg_623099_40.01_-99.74_2009.csv
2009-08-01,93.44096385542169,710.510843373494,549.3156626506025,135.60722891566266,542.3301204819277,486.4361445783133,monthly_daylight_avg_623099_40.01_-99.74_2009.csv
2009-09-01,98.18801089918256,676.0245231607629,489.7820163487738,163.83378746594005,343.56948228882834,362.3324250681199,monthly_daylight_avg_623099_40.01_-99.74_2009.csv
2009-10-01,65.65882352941176,761.4852941176471,424.58235294117645,88.85588235294118,348.90588235294115,253.30882352941177,monthly_daylight_avg_623099_40.01_-99.74_2009.csv
2009-11-01,57.98581560283688,771.0390070921986,353.0070921985816,88.42198581560284,482.8758865248227,273.84397163120565,monthly_daylight_avg_623099_40.01_-99.74_2009.csv
2009-12-01,61.630824372759854,753.8279569892474,310.5268817204301,78.18637992831542,183.5089605734767,134.38709677419354,monthly_daylight_avg_623099_40.01_-99.74_2009.csv
2010-01-01,57.20338983050848,760.9593220338983,328.23728813559325,108.47457627118644,250.4,196.28474576271188,monthly_daylight_avg_623099_40.01_-99.74_2010.csv
2010-02-01,75.71678321678321,785.3216783216783,423.4825174825175,122.3041958041958,327.81468531468533,270.0104895104895,monthly_daylight_avg_623099_40.01_-99.74_2010.csv
2010-03-01,83.84109589041095,762.0,495.6027397260274,141.0904109589041,295.3643835616438,309.6657534246575,monthly_daylight_avg_623099_40.01_-99.74_2010.csv
2010-04-01,110.55269922879178,708.4473007712082,555.0179948586118,178.30334190231363,419.09768637532136,444.6041131105399,monthly_daylight_avg_623099_40.01_-99.74_2010.csv
2010-05-01,101.88487584650112,701.3814898419864,573.9593679458239,149.39729119638827,445.1354401805869,451.74040632054175,monthly_daylight_avg_623099_40.01_-99.74_2010.csv
2010-06-01,97.06,683.2755555555556,564.3533333333334,149.16666666666666,480.5777777777778,487.79777777777775,monthly_daylight_avg_623099_40.01_-99.74_2010.csv
2010-07-01,88.74215246636771,713.9394618834081,569.2937219730942,147.6390134529148,494.1255605381166,480.7174887892377,monthly_daylight_avg_623099_40.01_-99.74_2010.csv
2010-08-01,84.53125,730.8485576923077,549.7067307692307,143.65144230769232,543.5384615384615,489.7331730769231,monthly_daylight_avg_623099_40.01_-99.74_2010.csv
2010-09-01,75.67302452316076,743.700272479564,500.2261580381472,112.73569482288828,551.4468664850136,425.9727520435968,monthly_daylight_avg_623099_40.01_-99.74_2010.csv
2010-10-01,61.59705882352941,774.35,425.3794117647059,96.4235294117647,592.1764705882352,381.27647058823527,monthly_daylight_avg_623099_40.01_-99.74_2010.csv
2010-11-01,54.4113475177305,798.0673758865248,359.24468085106383,89.87943262411348,470.3120567375887,277.7659574468085,monthly_daylight_avg_623099_40.01_-99.74_2010.csv
2010-12-01,52.88172043010753,759.5376344086021,303.56272401433694,103.72759856630825,317.0501792114695,210.2652329749104,monthly_daylight_avg_623099_40.01_-99.74_2010.csv
2011-01-01,57.06440677966102,765.7084745762712,329.271186440678,93.13220338983052,406.7661016949153,240.5661016949153,monthly_daylight_avg_623099_40.01_-99.74_2011.csv
2011-02-01,67.1958041958042,832.1468531468531,431.6958041958042,113.43006993006992,463.5,320.1048951048951,monthly_daylight_avg_623099_40.01_-99.74_2011.csv
2011-03-01,88.41917808219178,747.972602739726,493.33698630136985,146.43835616438355,318.6438356164384,324.02465753424656,monthly_daylight_avg_623099_40.01_-99.74_2011.csv
2011-04-01,110.41131105398458,715.719794344473,556.9203084832905,166.40359897172235,376.4730077120823,406.0616966580977,monthly_daylight_avg_623099_40.01_-99.74_2011.csv
2011-05-01,109.30474040632056,687.4198645598194,574.1309255079007,170.62979683972912,389.6749435665914,440.647855530474,monthly_daylight_avg_623099_40.01_-99.74_2011.csv
2011-06-01,121.48,629.8666666666667,557.0955555555555,169.59555555555556,452.74444444444447,490.5288888888889,monthly_daylight_avg_623099_40.01_-99.74_2011.csv
2011-07-01,101.53691275167785,674.4519015659955,560.6308724832214,148.8791946308725,491.0402684563758,495.4228187919463,monthly_daylight_avg_623099_40.01_-99.74_2011.csv
2011-08-01,94.7764423076923,694.3149038461538,541.5961538461538,144.99519230769232,511.7379807692308,474.0817307692308,monthly_daylight_avg_623099_40.01_-99.74_2011.csv
2011-09-01,80.9320652173913,732.5516304347826,500.9972826086956,112.67934782608695,508.88315217391306,400.0326086956522,monthly_daylight_avg_623099_40.01_-99.74_2011.csv
2011-10-01,64.39117647058823,764.364705882353,425.38235294117646,94.84117647058824,536.4323529411764,352.78823529411767,monthly_daylight_avg_623099_40.01_-99.74_2011.csv
2011-11-01,58.99293286219081,778.9681978798586,357.565371024735,99.12014134275618,462.47703180212017,284.4028268551237,monthly_daylight_avg_623099_40.01_-99.74_2011.csv
2011-12-01,57.0,752.4014336917563,305.44086021505376,80.76344086021506,428.5340501792115,222.88888888888889,monthly_daylight_avg_623099_40.01_-99.74_2011.csv
2012-01-01,50.172881355932205,783.0847457627119,326.7322033898305,98.54915254237288,458.8508474576272,268.8,monthly_daylight_avg_623099_40.01_-99.74_2012.csv
2012-02-01,73.3951048951049,794.1958041958042,423.26573426573424,104.92307692307692,387.3706293706294,280.8251748251748,monthly_daylight_avg_623099_40.01_-99.74_2012.csv
2012-03-01,75.98907103825137,784.6284153005464,497.7568306010929,136.8415300546448,499.09289617486337,409.2950819672131,monthly_daylight_avg_623099_40.01_-99.74_2012.csv
2012-04-01,111.08205128205128,703.0769230769231,552.751282051282,157.77179487179487,408.4846153846154,418.0948717948718,monthly_daylight_avg_623099_40.01_-99.74_2012.csv
2012-05-01,108.06094808126412,692.3250564334086,574.8306997742663,156.40180586907448,520.6659142212189,514.0225733634312,monthly_daylight_avg_623099_40.01_-99.74_2012.csv
2012-06-01,108.52666666666669,666.3333333333334,565.5644444444445,144.56222222222223,528.6844444444445,512.4022222222222,monthly_daylight_avg_623099_40.01_-99.74_2012.csv
2012-07-01,98.7511210762332,697.6883408071749,569.322869955157,118.66816143497758,610.9887892376681,539.5089686098655,monthly_daylight_avg_623099_40.01_-99.74_2012.csv
2012-08-01,108.87951807228916,674.5614457831325,543.8048192771084,141.43855421686746,527.9277108433735,484.8289156626506,monthly_daylight_avg_623099_40.01_-99.74_2012.csv
2012-09-01,92.01362397820164,705.7874659400545,495.9618528610354,128.64305177111717,542.6239782016348,444.0599455040872,monthly_daylight_avg_623099_40.01_-99.74_2012.csv
2012-10-01,62.59117647058824,773.8823529411765,424.8411764705882,105.7235294117647,499.6470588235294,343.40588235294115,monthly_daylight_avg_623099_40.01_-99.74_2012.csv
2012-11-01,53.804964539007095,789.8439716312057,354.709219858156,104.63475177304964,501.677304964539,307.3617021276596,monthly_daylight_avg_623099_40.01_-99.74_2012.csv
2012-12-01,55.08960573476703,761.5985663082437,306.47670250896056,94.25448028673836,371.13978494623655,220.71326164874552,monthly_daylight_avg_623099_40.01_-99.74_2012.csv
2013-01-01,53.858108108108105,785.5371621621622,331.9493243243243,94.98648648648648,403.8175675675676,238.1824324324324,monthly_daylight_avg_623099_40.01_-99.74_2013.csv
2013-02-01,69.3588850174216,803.7909407665505,424.58188153310107,111.68989547038328,441.6898954703833,309.9024390243902,monthly_daylight_avg_623099_40.01_-99.74_2013.csv
2013-03-01,83.91232876712328,777.5972602739726,503.9369863013698,143.6986301369863,490.17534246575343,417.1342465753424,monthly_daylight_avg_623099_40.01_-99.74_2013.csv
2013-04-01,108.19280205655528,724.9562982005141,563.1182519280205,182.8611825192802,369.146529562982,417.6760925449872,monthly_daylight_avg_623099_40.01_-99.74_2013.csv
2013-05-01,107.69074492099324,684.234762979684,570.9029345372461,185.43566591422123,378.36794582392776,446.5056433408578,monthly_daylight_avg_623099_40.01_-99.74_2013.csv
2013-06-01,102.1288888888889,678.7111111111111,564.8244444444445,149.35555555555555,507.0244444444445,502.24888888888887,monthly_daylight_avg_623099_40.01_-99.74_2013.csv
2013-07-01,103.87668161434978,680.4282511210762,565.3094170403588,153.4798206278027,455.5470852017937,466.4865470852018,monthly_daylight_avg_623099_40.01_-99.74_2013.csv
2013-08-01,100.9132530120482,683.2867469879518,540.8240963855421,151.76626506024095,453.0915662650602,445.7734939759036,monthly_daylight_avg_623099_40.01_-99.74_2013.csv
2013-09-01,77.98637602179836,728.9373297002725,494.6021798365123,108.53678474114442,514.58310626703,402.8256130790191,monthly_daylight_avg_623099_40.01_-99.74_2013.csv
2013-10-01,61.33235294117648,774.3882352941176,424.6941176470588,109.55588235294118,495.48823529411766,341.3970588235294,monthly_daylight_avg_623099_40.01_-99.74_2013.csv
2013-11-01,54.8936170212766,792.145390070922,356.7588652482269,90.12765957446808,530.4219858156029,296.5177304964539,monthly_daylight_avg_623099_40.01_-99.74_2013.csv
2013-12-01,51.37275985663082,777.3727598566309,307.01075268817203,92.93548387096774,459.0358422939068,251.6272401433692,monthly_daylight_avg_623099_40.01_-99.74_2013.csv
2014-01-01,52.21694915254237,781.9322033898305,329.271186440678,98.90508474576272,412.6576271186441,252.31525423728812,monthly_daylight_avg_623099_40.01_-99.74_2014.csv
2014-02-01,69.7132867132867,818.548951048951,430.55594405594405,112.83566433566432,399.6958041958042,294.4020979020979,monthly_daylight_avg_623099_40.01_-99.74_2014.csv
2014-03-01,75.84109589041095,806.0383561643836,506.0493150684932,147.02739726027397,472.2630136986301,402.84657534246577,monthly_daylight_avg_623099_40.01_-99.74_2014.csv
2014-04-01,102.8560411311054,735.0694087403599,562.9228791773779,173.560411311054,376.1748071979434,418.0231362467866,monthly_daylight_avg_623099_40.01_-99.74_2014.csv
2014-05-01,105.70428893905192,696.2212189616253,573.0925507900678,178.44243792325057,427.11512415349887,466.0654627539503,monthly_daylight_avg_623099_40.01_-99.74_2014.csv
2014-06-01,95.46444444444444,694.0688888888889,568.6511111111112,155.5088888888889,446.1022222222222,469.62,monthly_daylight_avg_623099_40.01_-99.74_2014.csv
2014-07-01,93.79372197309416,711.2825112107623,573.0470852017937,134.2443946188341,541.4529147982063,510.4506726457399,monthly_daylight_avg_623099_40.01_-99.74_2014.csv
2014-08-01,87.07951807228916,717.9614457831325,546.3036144578314,133.93734939759037,527.6313253012048,483.51807228915663,monthly_daylight_avg_623099_40.01_-99.74_2014.csv
2014-09-01,76.31880108991825,738.5122615803815,497.9482288828338,116.89100817438693,520.6839237057221,413.9591280653951,monthly_daylight_avg_623099_40.01_-99.74_2014.csv
2014-10-01,58.60588235294118,783.8176470588236,425.2676470588235,100.15,573.1235294117647,369.4764705882353,monthly_daylight_avg_623099_40.01_-99.74_2014.csv
2014-11-01,53.80141843971632,800.0248226950355,359.3723404255319,108.22695035460993,455.36879432624113,287.65248226950354,monthly_daylight_avg_623099_40.01_-99.74_2014.csv
2014-12-01,58.88530465949821,737.8888888888889,302.98566308243727,93.90322580645162,285.44802867383515,184.7168458781362,monthly_daylight_avg_623099_40.01_-99.74_2014.csv
2015-01-01,49.76610169491526,786.9796610169492,327.64406779661016,90.51525423728812,478.671186440678,265.8542372881356,monthly_daylight_avg_623099_40.01_-99.74_2015.csv
2015-02-01,63.13286713286713,817.2342657342657,421.65734265734267,141.74125874125875,399.57342657342656,315.96853146853147,monthly_daylight_avg_623099_40.01_-99.74_2015.csv
2015-03-01,68.03287671232877,815.2904109589041,501.6931506849315,120.27123287671232,585.0876712328767,442.758904109589,monthly_daylight_avg_623099_40.01_-99.74_2015.csv
2015-04-01,103.20308483290488,728.758354755784,559.521850899743,182.56298200514135,390.6992287917738,433.82519280205656,monthly_daylight_avg_623099_40.01_-99.74_2015.csv
2015-05-01,101.96162528216703,696.4875846501129,570.3205417607223,170.82618510158014,336.81264108352144,403.8735891647855,monthly_daylight_avg_623099_40.01_-99.74_2015.csv
2015-06-01,93.35555555555555,690.7622222222222,563.0422222222222,156.29111111111112,459.6644444444444,469.5733333333333,monthly_daylight_avg_623099_40.01_-99.74_2015.csv
2015-07-01,98.3744394618834,691.7735426008969,566.5627802690583,148.35201793721973,500.4170403587444,496.13004484304935,monthly_daylight_avg_623099_40.01_-99.74_2015.csv
2015-08-01,108.4110576923077,666.6538461538462,539.6490384615385,143.82932692307693,509.5480769230769,478.05288461538464,monthly_daylight_avg_623099_40.01_-99.74_2015.csv
2015-09-01,81.3586956521739,711.820652173913,490.2282608695652,133.6983695652174,457.1902173913044,399.2364130434783,monthly_daylight_avg_623099_40.01_-99.74_2015.csv
2015-10-01,65.40588235294118,750.25,418.77647058823527,105.8970588235294,475.41470588235296,333.2235294117648,monthly_daylight_avg_623099_40.01_-99.74_2015.csv
2015-11-01,56.8339222614841,778.5406360424029,355.4840989399293,79.24028268551237,489.2685512367491,265.70318021201416,monthly_daylight_avg_623099_40.01_-99.74_2015.csv
2015-12-01,52.22939068100359,766.6308243727599,304.98566308243727,94.43727598566308,368.61290322580646,218.3584229390681,monthly_daylight_avg_623099_40.01_-99.74_2015.csv
2016-01-01,55.5728813559322,760.2372881355932,325.5728813559322,97.8406779661017,366.64406779661016,234.1084745762712,monthly_daylight_avg_623099_40.01_-99.74_2016.csv
2016-02-01,62.94755244755245,823.1468531468531,423.6468531468532,105.63286713286712,462.1468531468532,316.24475524475525,monthly_daylight_avg_623099_40.01_-99.74_2016.csv
2016-03-01,71.95901639344262,803.016393442623,501.77868852459017,130.8224043715847,496.4945355191257,409.96448087431696,monthly_daylight_avg_623099_40.01_-99.74_2016.csv
2016-04-01,95.70769230769233,746.4538461538461,560.3128205128205,144.6871794871795,443.4051282051282,423.4923076923077,monthly_daylight_avg_623099_40.01_-99.74_2016.csv
2016-05-01,99.38063063063063,705.0653153153153,573.5157657657658,154.11711711711712,396.5045045045045,431.8310810810811,monthly_daylight_avg_623099_40.01_-99.74_2016.csv
2016-06-01,96.85777777777778,688.3577777777778,565.8444444444444,119.72888888888887,587.4466666666667,536.8111111111111,monthly_daylight_avg_623099_40.01_-99.74_2016.csv
2016-07-01,95.79596412556054,697.4775784753364,566.4215246636771,134.7645739910314,496.3318385650224,484.13004484304935,monthly_daylight_avg_623099_40.01_-99.74_2016.csv
2016-08-01,90.60963855421689,708.6,544.8746987951807,143.9855421686747,437.73493975903614,427.6096385542169,monthly_daylight_avg_623099_40.01_-99.74_2016.csv
2016-09-01,76.12806539509536,738.1198910081744,495.7820163487738,119.5967302452316,492.2970027247956,397.84196185286106,monthly_daylight_avg_623099_40.01_-99.74_2016.csv
2016-10-01,60.03529411764706,769.9,420.1735294117647,109.5264705882353,510.1676470588236,355.4264705882353,monthly_daylight_avg_623099_40.01_-99.74_2016.csv
2016-11-01,54.09929078014184,781.5957446808511,351.63829787234044,91.53191489361704,462.4503546099291,274.48581560283685,monthly_daylight_avg_623099_40.01_-99.74_2016.csv
2016-12-01,51.58064516129032,780.4982078853046,307.9569892473118,91.52688172043013,398.9964157706093,227.14336917562724,monthly_daylight_avg_623099_40.01_-99.74_2016.csv
2017-01-01,54.00337837837838,759.4324324324324,324.5844594594595,94.91554054054056,360.4324324324325,230.38513513513516,monthly_daylight_avg_623099_40.01_-99.74_2017.csv
2017-02-01,58.74216027874565,821.4947735191638,420.4738675958188,114.54006968641114,449.01742160278746,328.18118466898954,monthly_daylight_avg_623099_40.01_-99.74_2017.csv
2017-03-01,75.48360655737704,781.1092896174863,494.5218579234973,132.0792349726776,384.1994535519125,347.0191256830601,monthly_daylight_avg_623099_40.01_-99.74_2017.csv
2017-04-01,98.6426735218509,739.6812339331619,560.9974293059126,164.03598971722366,390.8457583547558,417.012853470437,monthly_daylight_avg_623099_40.01_-99.74_2017.csv
2017-05-01,101.79458239277652,704.4266365688487,575.7404063205418,151.1331828442438,456.49887133182847,465.5756207674944,monthly_daylight_avg_623099_40.01_-99.74_2017.csv
2017-06-01,97.66222222222224,688.0066666666667,567.5444444444445,134.20888888888888,521.4177777777778,504.40222222222224,monthly_daylight_avg_623099_40.01_-99.74_2017.csv
2017-07-01,95.54708520179372,696.5515695067264,565.4730941704036,147.65470852017938,499.6547085201794,493.1165919282511,monthly_daylight_avg_623099_40.01_-99.74_2017.csv
2017-08-01,108.36626506024096,668.8578313253012,540.7060240963856,142.7542168674699,503.44096385542167,472.7542168674699,monthly_daylight_avg_623099_40.01_-99.74_2017.csv
2017-09-01,96.56130790190736,673.8365122615804,486.4795640326976,134.44141689373296,452.93188010899183,408.14713896457766,monthly_daylight_avg_623099_40.01_-99.74_2017.csv
2017-10-01,61.86176470588235,772.4823529411765,423.6,85.25,534.2058823529412,335.68529411764706,monthly_daylight_avg_623099_40.01_-99.74_2017.csv
2017-11-01,55.89007092198582,774.6312056737588,352.468085106383,87.7872340425532,449.0851063829787,262.709219858156,monthly_daylight_avg_623099_40.01_-99.74_2017.csv
2017-12-01,53.27956989247312,767.3655913978495,306.20071684587816,88.50179211469533,424.6774193548387,233.66666666666663,monthly_daylight_avg_623099_40.01_-99.74_2017.csv
2018-01-01,52.62258064516129,735.4483870967742,313.31290322580645,93.5741935483871,386.40645161290325,232.66451612903225,monthly_daylight_avg_623099_40.01_-99.74_2018.csv
2018-02-01,63.4655737704918,764.7737704918032,400.1704918032787,108.91475409836066,397.9377049180328,289.4819672131148,monthly_daylight_avg_623099_40.01_-99.74_2018.csv
2018-03-01,72.48947368421052,763.7605263157894,481.35526315789474,111.72631578947367,461.0605263157895,355.4394736842105,monthly_daylight_avg_623099_40.01_-99.74_2018.csv
2018-04-01,110.84210526315788,691.8045112781955,545.8696741854636,138.06015037593986,415.9498746867168,406.49122807017545,monthly_daylight_avg_623099_40.01_-99.74_2018.csv
2018-05-01,105.92207792207792,642.2792207792207,538.952380952381,146.6709956709957,366.3787878787879,393.8160173160173,monthly_daylight_avg_623099_40.01_-99.74_2018.csv
2018-06-01,104.26222222222222,666.3866666666667,561.3977777777778,133.70888888888888,508.6022222222222,491.8733333333333,monthly_daylight_avg_623099_40.01_-99.74_2018.csv
2018-07-01,97.6918103448276,658.6961206896551,543.7068965517242,125.6206896551724,513.1120689655172,474.3362068965517,monthly_daylight_avg_623099_40.01_-99.74_2018.csv
2018-08-01,117.056338028169,618.5680751173709,520.1525821596244,137.45305164319248,447.55164319248826,432.5492957746479,monthly_daylight_avg_623099_40.01_-99.74_2018.csv
2018-09-01,76.77692307692308,674.525641025641,463.8692307692308,102.1153846153846,452.9307692307692,357.5794871794872,monthly_daylight_avg_623099_40.01_-99.74_2018.csv
2018-10-01,61.03216374269006,759.7514619883041,419.140350877193,91.22222222222224,421.874269005848,284.9239766081872,monthly_daylight_avg_623099_40.01_-99.74_2018.csv
2018-11-01,55.60322580645161,704.416129032258,324.5290322580645,87.78387096774193,410.5,246.6387096774193,monthly_daylight_avg_623099_40.01_-99.74_2018.csv
2018-12-01,56.770609318996414,764.6308243727599,308.75985663082434,84.00358422939068,416.9354838709677,221.88172043010752,monthly_daylight_avg_623099_40.01_-99.74_2018.csv
2019-01-01,55.62903225806452,732.5096774193548,315.06774193548387,105.48387096774194,378.93870967741935,236.94193548387096,monthly_daylight_avg_623099_40.01_-99.74_2019.csv
2019-02-01,72.4407894736842,751.7203947368421,403.1480263157895,137.8059210526316,311.17105263157896,272.29605263157896,monthly_daylight_avg_623099_40.01_-99.74_2019.csv
2019-03-01,78.94473684210526,747.7263157894737,480.12105263157895,128.2421052631579,365.3157894736842,325.5657894736842,monthly_daylight_avg_623099_40.01_-99.74_2019.csv
2019-04-01,95.79197994987469,722.0401002506266,545.8796992481203,147.9749373433584,453.40852130325817,435.8646616541353,monthly_daylight_avg_623099_40.01_-99.74_2019.csv
2019-05-01,99.82289416846652,666.5615550755939,547.0971922246221,135.46652267818575,355.1274298056156,374.12095032397406,monthly_daylight_avg_623099_40.01_-99.74_2019.csv
2019-06-01,92.99111111111112,699.3622222222223,569.1577777777778,127.26,518.5911111111111,486.50444444444446,monthly_daylight_avg_623099_40.01_-99.74_2019.csv
2019-07-01,86.4494623655914,682.8516129032258,545.894623655914,119.96344086021506,551.0215053763441,498.6688172043011,monthly_daylight_avg_623099_40.01_-99.74_2019.csv
2019-08-01,95.92018779342725,665.4577464788732,525.8474178403756,129.23239436619718,455.3145539906103,430.2981220657277,monthly_daylight_avg_623099_40.01_-99.74_2019.csv
2019-09-01,79.39487179487179,662.9076923076923,460.4307692307692,101.24615384615385,538.1589743589743,413.56410256410254,monthly_daylight_avg_623099_40.01_-99.74_2019.csv
2019-10-01,64.546783625731,768.5058479532164,427.625730994152,83.86549707602339,529.0292397660819,332.4093567251462,monthly_daylight_avg_623099_40.01_-99.74_2019.csv
2019-11-01,55.68608414239482,703.453074433657,325.06472491909386,76.64077669902913,447.87702265372167,251.2977346278317,monthly_daylight_avg_623099_40.01_-99.74_2019.csv
2019-12-01,50.22222222222222,774.8745519713261,305.60573476702507,79.83512544802868,455.741935483871,233.2831541218638,monthly_daylight_avg_623099_40.01_-99.74_2019.csv
2020-01-01,52.55161290322581,723.5612903225806,308.81612903225806,86.8258064516129,425.3354838709677,237.97096774193548,monthly_daylight_avg_623099_40.01_-99.74_2020.csv
2020-02-01,61.07947019867549,776.7980132450331,400.79801324503313,109.46026490066224,400.0298013245033,286.6291390728477,monthly_daylight_avg_623099_40.01_-99.74_2020.csv
2020-03-01,72.09448818897638,756.2362204724409,479.3832020997376,113.55380577427822,368.2020997375328,312.78740157480314,monthly_daylight_avg_623099_40.01_-99.74_2020.csv
2020-04-01,97.18204488778056,722.0049875311721,548.4763092269327,137.4413965087282,507.6009975062344,457.7980049875312,monthly_daylight_avg_623099_40.01_-99.74_2020.csv
2020-05-01,102.33982683982684,662.3722943722944,547.4545454545455,146.2207792207792,379.7121212121212,403.0194805194805,monthly_daylight_avg_623099_40.01_-99.74_2020.csv
2020-06-01,95.46666666666668,692.5844444444444,566.9177777777778,119.27555555555556,547.5533333333333,500.5577777777778,monthly_daylight_avg_623099_40.01_-99.74_2020.csv
2020-07-01,90.71428571428572,675.443722943723,546.6233766233767,123.72294372294373,522.8593073593073,483.4177489177489,monthly_daylight_avg_623099_40.01_-99.74_2020.csv
2020-08-01,103.47183098591547,652.7347417840375,525.443661971831,122.16431924882627,545.556338028169,483.63380281690144,monthly_daylight_avg_623099_40.01_-99.74_2020.csv
2020-09-01,114.0025706940874,580.2699228791773,450.89203084832906,120.16709511568124,487.0025706940874,401.5784061696658,monthly_daylight_avg_623099_40.01_-99.74_2020.csv
2020-10-01,75.29154518950438,709.6851311953353,412.6909620991254,100.05830903790088,460.2769679300292,323.8046647230321,monthly_daylight_avg_623099_40.01_-99.74_2020.csv
2020-11-01,50.96091205211727,725.9934853420195,326.11074918566777,61.41693811074919,554.14332247557,270.33224755700326,monthly_daylight_avg_623099_40.01_-99.74_2020.csv
2020-12-01,55.025,755.5392857142857,304.0107142857143,85.38214285714285,461.5571428571429,237.74642857142857,monthly_daylight_avg_623099_40.01_-99.74_2020.csv
2021-01-01,53.69032258064516,724.0516129032258,311.7806451612903,79.18387096774194,350.958064516129,208.80645161290323,monthly_daylight_avg_623099_40.01_-99.74_2021.csv
2021-02-01,66.0622950819672,775.7737704918032,407.7245901639344,132.38360655737705,427.0229508196721,323.4131147540984,monthly_daylight_avg_623099_40.01_-99.74_2021.csv
2021-03-01,75.05526315789474,749.7,479.3157894736842,118.5657894736842,414.2684210526316,343.7447368421053,monthly_daylight_avg_623099_40.01_-99.74_2021.csv
2021-04-01,101.18204488778056,714.0074812967581,546.7655860349128,129.94513715710724,474.32668329177056,430.3117206982544,monthly_daylight_avg_623099_40.01_-99.74_2021.csv
2021-05-01,102.54211663066954,654.634989200864,543.3023758099353,172.04103671706264,304.9719222462203,381.0820734341253,monthly_daylight_avg_623099_40.01_-99.74_2021.csv
2021-06-01,101.08222222222224,678.7777777777778,564.0511111111111,131.5088888888889,557.4844444444444,514.2733333333333,monthly_daylight_avg_623099_40.01_-99.74_2021.csv
2021-07-01,114.50862068965516,619.7349137931035,536.3900862068965,141.8469827586207,484.0538793103448,469.5409482758621,monthly_daylight_avg_623099_40.01_-99.74_2021.csv
2021-08-01,119.57511737089202,610.2535211267606,516.9647887323944,148.04460093896714,479.28169014084506,466.2582159624413,monthly_daylight_avg_623099_40.01_-99.74_2021.csv
2021-09-01,94.8298969072165,629.0721649484536,457.590206185567,117.7319587628866,499.180412371134,408.4871134020619,monthly_daylight_avg_623099_40.01_-99.74_2021.csv
2021-10-01,60.51895043731778,759.463556851312,417.801749271137,88.67930029154519,525.9883381924199,338.7521865889213,monthly_daylight_avg_623099_40.01_-99.74_2021.csv
2021-11-01,50.0551948051948,717.538961038961,322.68506493506493,84.93831168831169,404.448051948052,241.9155844155844,monthly_daylight_avg_623099_40.01_-99.74_2021.csv
2021-12-01,44.415770609319,789.9605734767025,303.5663082437276,77.60215053763442,497.7383512544803,251.02867383512543,monthly_daylight_avg_623099_40.01_-99.74_2021.csv
2022-01-01,47.851612903225806,753.7064516129033,314.02258064516127,82.90322580645162,405.0096774193548,234.6129032258065,monthly_daylight_avg_623099_40.01_-99.74_2022.csv
2022-02-01,54.01315789473684,794.6875,401.7796052631579,95.08223684210526,554.7730263157895,343.9243421052632,monthly_daylight_avg_623099_40.01_-99.74_2022.csv
2022-03-01,75.60892388451444,753.2703412073491,479.50656167979,116.5275590551181,428.2703412073491,356.1916010498688,monthly_daylight_avg_623099_40.01_-99.74_2022.csv
2022-04-01,100.68922305764411,717.0802005012531,549.624060150376,152.5012531328321,481.9423558897243,463.62907268170426,monthly_daylight_avg_623099_40.01_-99.74_2022.csv
2022-05-01,113.3961038961039,636.3095238095239,544.5194805194806,146.38095238095238,363.2857142857143,399.8030303030303,monthly_daylight_avg_623099_40.01_-99.74_2022.csv
2022-06-01,106.73777777777778,658.1555555555556,561.9755555555555,148.7422222222222,466.7155555555556,482.6488888888889,monthly_daylight_avg_623099_40.01_-99.74_2022.csv
2022-07-01,91.05387931034484,670.5797413793103,544.5969827586207,123.61637931034484,499.70043103448273,466.7823275862069,monthly_daylight_avg_623099_40.01_-99.74_2022.csv
2022-08-01,82.59389671361502,709.2887323943662,535.8262910798122,106.4906103286385,591.2863849765258,487.47417840375584,monthly_daylight_avg_623099_40.01_-99.74_2022.csv
2022-09-01,82.03341902313625,668.4473007712082,465.9974293059126,93.17737789203083,543.0231362467866,406.80976863753216,monthly_daylight_avg_623099_40.01_-99.74_2022.csv
2022-10-01,60.79008746355685,765.603498542274,421.13702623906704,89.2798833819242,575.2594752186588,362.7230320699708,monthly_daylight_avg_623099_40.01_-99.74_2022.csv
2022-11-01,49.33441558441559,734.9512987012987,328.3733766233766,79.52272727272727,491.7564935064935,273.3636363636364,monthly_daylight_avg_623099_40.01_-99.74_2022.csv
2022-12-01,48.77777777777778,777.8172043010753,304.8853046594982,78.18279569892474,410.44086021505376,214.6989247311828,monthly_daylight_avg_623099_40.01_-99.74_2022.csv
2023-01-01,56.95779220779221,721.2077922077922,313.87987012987014,87.75,321.1136363636364,205.0422077922078,monthly_daylight_avg_623099_40.01_-99.74_2023.csv
2023-02-01,59.24918032786885,786.1180327868852,402.41639344262296,85.51147540983607,531.0786885245901,320.655737704918,monthly_daylight_avg_623099_40.01_-99.74_2023.csv
2023-03-01,70.44854881266491,779.4564643799472,486.0316622691293,126.07915567282322,393.3641160949868,341.0712401055409,monthly_daylight_avg_623099_40.01_-99.74_2023.csv
2023-04-01,86.18,760.4125,555.8975,136.91,556.9975,481.9475,monthly_daylight_avg_623099_40.01_-99.74_2023.csv
2023-05-01,112.65151515151516,632.6406926406927,538.8831168831168,168.69264069264068,354.5151515151515,412.3333333333333,monthly_daylight_avg_623099_40.01_-99.74_2023.csv
2023-06-01,110.69555555555556,655.72,560.7822222222222,164.17777777777778,432.35777777777776,463.47333333333336,monthly_daylight_avg_623099_40.01_-99.74_2023.csv
2023-07-01,92.38279569892472,668.5419354838709,544.0817204301076,130.24301075268818,469.1182795698925,448.40860215053766,monthly_daylight_avg_623099_40.01_-99.74_2023.csv
2023-08-01,89.48826291079813,692.4460093896714,532.8920187793427,118.9906103286385,555.8826291079812,478.8380281690141,monthly_daylight_avg_623099_40.01_-99.74_2023.csv
2023-09-01,76.55384615384615,687.5871794871795,469.725641025641,99.8102564102564,536.6461538461539,407.73333333333335,monthly_daylight_avg_623099_40.01_-99.74_2023.csv
2023-10-01,57.43895348837209,768.1860465116279,418.9825581395349,88.78779069767442,496.078488372093,321.4767441860465,monthly_daylight_avg_623099_40.01_-99.74_2023.csv
2023-11-01,51.0,714.7935483870967,323.6419354838709,76.59677419354838,470.5774193548387,255.84193548387097,monthly_daylight_avg_623099_40.01_-99.74_2023.csv
2023-12-01,52.42293906810036,746.8637992831541,299.73118279569894,80.17562724014337,301.31182795698925,178.7347670250896,monthly_daylight_avg_623099_40.01_-99.74_2023.csv
